,sm_li,income,education,parent,marital,gender,age
0,0,6.0,4.0,0,0,0,77.0
1,0,5.0,3.0,0,0,1,59.0
2,0,8.0,4.0,0,1,0,60.0
3,0,8.0,8.0,0,0,1,73.0
4,1,7.0,8.0,0,1,0,65.0
5,0,7.0,6.0,0,0,0,62.0
6,0,7.0,4.0,0,1,0,70.0
7,0,3.0,6.0,0,0,1,94.0
8,0,3.0,3.0,0,1,0,65.0
9,0,,6.0,0,1,0,
10,1,9.0,8.0,0,0,0,55.0
11,0,6.0,8.0,0,1,1,80.0
12,0,6.0,8.0,0,1,1,68.0
13,0,4.0,8.0,0,0,0,79.0
14,0,7.0,6.0,1,1,1,49.0
15,0,3.0,3.0,0,1,0,77.0
16,0,,4.0,0,1,1,72.0
17,0,9.0,8.0,0,1,0,75.0
18,0,3.0,3.0,0,0,0,55.0
19,1,6.0,6.0,1,0,0,39.0
20,0,8.0,6.0,0,1,1,65.0
21,0,6.0,3.0,0,0,0,70.0
22,0,,8.0,0,1,0,
23,0,,6.0,0,1,1,80.0
24,0,6.0,5.0,0,1,1,63.0
25,0,4.0,3.0,0,1,0,74.0
26,1,,7.0,0,0,1,59.0
27,0,7.0,6.0,0,0,0,83.0
28,0,,,0,0,1,
29,1,9.0,8.0,0,0,0,75.0
30,0,1.0,2.0,0,0,0,86.0
31,0,7.0,6.0,0,1,1,70.0
32,0,,6.0,0,0,0,70.0
33,0,2.0,6.0,0,0,0,83.0
34,0,8.0,8.0,0,0,1,64.0
35,1,4.0,7.0,0,0,0,82.0
36,0,,6.0,0,0,1,66.0
37,0,3.0,3.0,0,1,0,71.0
38,0,3.0,3.0,0,0,0,79.0
39,0,6.0,6.0,1,1,1,74.0
40,0,7.0,6.0,0,1,0,73.0
41,0,,3.0,0,0,1,20.0
42,0,5.0,8.0,0,1,1,87.0
43,0,,,0,0,1,68.0
44,0,8.0,4.0,0,1,1,70.0
45,0,3.0,8.0,0,0,0,69.0
46,0,,3.0,0,0,0,
47,0,8.0,6.0,0,0,1,55.0
48,0,9.0,3.0,0,0,1,81.0
49,0,,7.0,0,0,0,91.0
50,0,,8.0,0,0,0,61.0
51,1,9.0,7.0,0,0,1,75.0
52,0,,,0,0,0,
53,1,9.0,7.0,1,1,1,39.0
54,0,5.0,5.0,0,1,0,75.0
55,0,4.0,3.0,0,1,0,84.0
56,0,,6.0,0,0,0,67.0
57,0,6.0,3.0,0,1,0,73.0
58,0,4.0,6.0,0,0,1,65.0
59,0,,6.0,0,0,0,
60,0,,,0,0,1,
61,0,7.0,8.0,0,1,1,75.0
62,0,5.0,4.0,0,0,0,68.0
63,0,5.0,3.0,0,1,1,66.0
64,0,7.0,5.0,0,1,1,60.0
65,0,,8.0,0,1,1,73.0
66,0,4.0,4.0,0,1,1,65.0
67,0,7.0,6.0,0,1,0,61.0
68,0,8.0,3.0,0,0,1,86.0
69,0,,3.0,0,1,0,81.0
70,0,4.0,3.0,0,0,0,70.0
71,1,,4.0,0,0,0,
72,0,,5.0,0,0,0,75.0
73,1,9.0,6.0,0,1,1,60.0
74,0,7.0,4.0,0,0,1,64.0
75,1,8.0,8.0,0,1,0,69.0
76,0,7.0,4.0,0,1,0,62.0
77,0,,3.0,0,1,1,83.0
78,1,9.0,6.0,1,1,1,57.0
79,0,6.0,8.0,0,0,1,86.0
80,0,2.0,3.0,0,0,0,82.0
81,0,,,0,0,0,
82,0,,6.0,0,0,1,60.0
83,0,9.0,6.0,0,0,1,60.0
84,0,,5.0,0,1,1,82.0
85,1,3.0,6.0,0,0,0,83.0
86,0,5.0,4.0,0,0,0,83.0
87,0,4.0,6.0,0,0,0,50.0
88,0,7.0,6.0,0,0,1,31.0
89,0,9.0,8.0,1,1,1,53.0
90,1,9.0,6.0,0,0,0,60.0
91,0,,3.0,0,1,1,70.0
92,0,5.0,5.0,0,1,0,55.0
93,1,9.0,6.0,0,0,1,73.0
94,0,9.0,5.0,0,0,0,78.0
95,0,7.0,5.0,0,1,1,68.0
96,0,4.0,4.0,0,1,1,79.0
97,0,3.0,4.0,0,0,0,27.0
98,0,7.0,8.0,0,0,0,64.0
99,0,9.0,8.0,0,1,0,68.0
100,1,8.0,7.0,0,1,0,71.0
101,0,1.0,5.0,0,0,0,79.0
102,1,9.0,6.0,1,1,1,44.0
103,0,,3.0,0,0,0,89.0
104,0,,3.0,0,0,0,89.0
105,0,3.0,3.0,0,0,1,82.0
106,0,4.0,8.0,0,0,0,71.0
107,0,9.0,4.0,0,1,0,81.0
108,0,7.0,6.0,1,1,1,76.0
109,0,2.0,4.0,0,0,0,82.0
110,0,2.0,4.0,0,0,0,73.0
111,0,9.0,4.0,0,0,1,74.0
112,0,9.0,3.0,0,1,1,71.0
113,0,6.0,8.0,0,1,1,87.0
114,0,3.0,3.0,0,0,1,60.0
115,0,6.0,4.0,0,0,0,77.0
116,1,,4.0,0,1,1,64.0
117,0,3.0,6.0,0,0,0,40.0
118,1,8.0,8.0,1,1,0,37.0
119,1,9.0,6.0,0,0,0,63.0
120,0,,,0,0,0,
121,0,,3.0,0,0,1,65.0
122,0,7.0,5.0,0,0,0,57.0
123,0,2.0,2.0,0,0,1,70.0
124,0,2.0,8.0,0,1,1,88.0
125,0,9.0,7.0,0,1,1,55.0
126,0,5.0,3.0,0,1,1,53.0
127,0,,3.0,0,1,0,81.0
128,1,9.0,8.0,0,0,1,42.0
129,0,4.0,4.0,0,1,1,89.0
130,0,1.0,4.0,0,0,1,54.0
131,1,7.0,6.0,0,1,1,72.0
132,0,9.0,6.0,0,1,0,64.0
133,0,,3.0,0,1,1,75.0
134,0,7.0,8.0,0,1,0,62.0
135,0,4.0,3.0,0,1,1,77.0
136,0,,6.0,1,1,0,66.0
137,0,4.0,6.0,0,1,1,
138,0,5.0,6.0,0,0,1,70.0
139,0,3.0,8.0,0,0,1,83.0
140,0,9.0,6.0,0,0,0,78.0
141,0,9.0,8.0,0,1,0,70.0
142,0,6.0,5.0,0,0,0,94.0
143,0,4.0,4.0,0,0,0,65.0
144,0,8.0,5.0,0,1,1,70.0
145,1,9.0,6.0,0,1,1,61.0
146,1,9.0,4.0,0,1,1,71.0
147,1,9.0,6.0,0,0,0,66.0
148,0,6.0,8.0,0,0,1,64.0
149,0,3.0,8.0,0,0,1,62.0
150,0,4.0,8.0,0,0,0,84.0
151,0,7.0,8.0,0,1,0,74.0
152,0,8.0,4.0,0,0,1,62.0
153,0,1.0,2.0,0,0,0,87.0
154,0,5.0,7.0,0,0,0,74.0
155,0,3.0,5.0,0,0,0,76.0
156,0,,6.0,0,1,1,65.0
157,0,2.0,3.0,0,1,1,86.0
158,1,7.0,8.0,0,0,1,44.0
159,0,8.0,5.0,0,1,0,71.0
160,0,5.0,5.0,0,0,0,69.0
161,0,8.0,8.0,0,1,1,86.0
162,0,2.0,4.0,0,0,1,97.0
163,1,8.0,6.0,0,1,1,58.0
164,0,3.0,3.0,0,0,1,73.0
165,1,5.0,4.0,0,0,0,70.0
166,0,,5.0,0,0,0,74.0
167,0,,8.0,1,0,0,
168,0,2.0,3.0,0,0,1,74.0
169,1,9.0,8.0,0,1,1,35.0
170,0,6.0,4.0,0,0,0,80.0
171,0,5.0,4.0,0,0,1,61.0
172,0,,8.0,0,0,0,84.0
173,0,8.0,7.0,0,1,0,66.0
174,1,,4.0,0,1,0,52.0
175,0,,1.0,1,1,0,34.0
176,1,8.0,8.0,0,1,1,76.0
177,0,5.0,4.0,0,0,0,63.0
178,1,9.0,8.0,0,1,0,62.0
179,0,6.0,6.0,0,1,0,69.0
180,1,8.0,6.0,0,1,1,75.0
181,0,,2.0,1,1,0,33.0
182,0,4.0,4.0,0,0,0,79.0
183,1,9.0,4.0,1,1,0,39.0
184,0,,6.0,0,1,1,73.0
185,0,4.0,8.0,0,1,0,62.0
186,0,5.0,6.0,0,1,0,70.0
187,0,2.0,5.0,0,0,0,66.0
188,0,5.0,2.0,0,1,1,72.0
189,1,,6.0,0,0,1,68.0
190,0,6.0,5.0,0,0,1,93.0
191,0,8.0,6.0,0,1,1,61.0
192,0,6.0,6.0,0,0,0,65.0
193,0,9.0,6.0,0,0,0,72.0
194,0,3.0,5.0,0,0,0,81.0
195,0,6.0,4.0,0,0,1,61.0
196,0,7.0,8.0,0,1,1,84.0
197,0,9.0,6.0,0,1,0,67.0
198,0,,3.0,0,1,0,73.0
199,0,5.0,3.0,1,1,1,36.0
200,0,8.0,6.0,0,1,1,57.0
201,1,7.0,4.0,0,1,1,59.0
202,0,4.0,4.0,0,0,0,70.0
203,0,,4.0,0,0,1,66.0
204,1,9.0,5.0,0,0,0,77.0
205,1,9.0,8.0,1,0,1,57.0
206,0,7.0,5.0,0,1,0,80.0
207,0,8.0,6.0,1,1,0,45.0
208,0,1.0,3.0,0,0,1,73.0
209,0,7.0,6.0,0,1,0,62.0
210,1,8.0,8.0,0,1,1,71.0
211,0,5.0,6.0,0,0,0,85.0
212,0,4.0,7.0,1,0,0,70.0
213,0,,4.0,0,0,1,90.0
214,0,2.0,4.0,0,0,1,65.0
215,0,5.0,6.0,0,1,1,71.0
216,0,5.0,3.0,0,0,0,83.0
217,0,6.0,6.0,0,1,0,59.0
218,1,,4.0,1,1,0,50.0
219,0,,8.0,0,1,1,60.0
220,1,8.0,8.0,0,0,1,69.0
221,0,6.0,7.0,0,1,0,77.0
222,0,9.0,8.0,0,1,0,70.0
223,0,,3.0,0,1,0,81.0
224,0,4.0,5.0,0,0,0,80.0
225,0,2.0,2.0,0,0,0,60.0
226,0,4.0,4.0,0,0,0,84.0
227,0,,8.0,0,1,1,98.0
228,0,,3.0,0,0,0,62.0
229,0,1.0,2.0,0,0,0,54.0
230,0,6.0,6.0,0,1,1,80.0
231,0,4.0,3.0,0,1,0,67.0
232,0,6.0,4.0,0,1,1,70.0
233,0,5.0,6.0,0,1,0,80.0
234,0,8.0,8.0,0,1,0,65.0
235,0,7.0,7.0,0,1,0,65.0
236,0,3.0,6.0,0,1,0,81.0
237,0,8.0,8.0,0,1,0,
238,1,9.0,8.0,1,1,0,43.0
239,0,9.0,6.0,0,1,0,66.0
240,0,5.0,3.0,0,0,1,80.0
241,0,6.0,4.0,0,0,0,83.0
242,0,8.0,6.0,0,0,0,55.0
243,0,,,0,0,1,
244,1,7.0,6.0,1,1,1,49.0
245,1,9.0,3.0,0,1,1,55.0
246,0,6.0,4.0,0,1,0,64.0
247,0,7.0,6.0,0,1,1,70.0
248,0,8.0,6.0,0,1,0,64.0
249,1,6.0,8.0,0,0,0,75.0
250,1,4.0,6.0,0,0,1,60.0
251,1,7.0,5.0,1,1,0,50.0
252,0,7.0,6.0,0,0,0,71.0
253,1,9.0,8.0,0,1,1,63.0
254,0,2.0,8.0,0,1,0,76.0
255,0,7.0,3.0,0,1,1,61.0
256,0,8.0,8.0,0,1,0,67.0
257,0,7.0,3.0,0,1,1,70.0
258,1,2.0,4.0,0,1,0,46.0
259,0,8.0,6.0,0,0,0,66.0
260,0,3.0,3.0,0,1,1,67.0
261,0,6.0,5.0,0,1,1,74.0
262,0,,3.0,1,0,0,76.0
263,0,1.0,6.0,0,0,1,53.0
264,0,6.0,8.0,0,1,1,67.0
265,0,5.0,6.0,0,0,0,80.0
266,0,5.0,8.0,0,0,1,62.0
267,0,,4.0,0,0,0,29.0
268,0,7.0,4.0,0,1,0,70.0
269,0,,6.0,0,1,1,65.0
270,0,9.0,8.0,0,1,1,80.0
271,0,2.0,8.0,0,0,0,84.0
272,0,,5.0,0,0,1,51.0
273,0,6.0,4.0,0,1,0,65.0
274,0,6.0,8.0,0,1,1,74.0
275,0,,3.0,0,0,0,97.0
276,0,1.0,4.0,0,0,0,37.0
277,1,3.0,4.0,0,0,0,62.0
278,0,7.0,3.0,0,0,1,63.0
279,1,9.0,6.0,0,1,1,65.0
280,0,5.0,4.0,0,1,1,61.0
281,1,7.0,8.0,0,0,0,82.0
282,0,6.0,8.0,0,0,0,70.0
283,0,,5.0,0,0,0,88.0
284,0,,3.0,0,1,0,62.0
285,0,7.0,5.0,0,1,0,78.0
286,1,7.0,3.0,0,0,0,65.0
287,1,5.0,6.0,0,1,1,64.0
288,0,,3.0,0,0,1,79.0
289,0,6.0,6.0,0,1,0,50.0
290,0,6.0,3.0,0,0,0,54.0
291,0,,4.0,0,0,0,85.0
292,1,9.0,8.0,0,0,1,63.0
293,0,,2.0,0,1,0,70.0
294,0,4.0,3.0,1,1,0,53.0
295,0,7.0,4.0,0,1,1,66.0
296,1,7.0,6.0,0,0,0,24.0
297,0,6.0,4.0,1,1,1,43.0
298,0,9.0,8.0,1,1,0,47.0
299,1,7.0,6.0,1,1,0,49.0
300,0,7.0,6.0,0,1,0,78.0
301,0,6.0,6.0,0,0,0,52.0
302,0,8.0,6.0,1,1,1,49.0
303,0,7.0,6.0,1,0,0,28.0
304,0,,3.0,0,0,1,20.0
305,1,3.0,5.0,1,1,0,42.0
306,0,5.0,4.0,0,1,1,72.0
307,1,9.0,6.0,0,0,0,44.0
308,0,9.0,4.0,0,0,0,19.0
309,0,4.0,5.0,0,1,0,74.0
310,1,8.0,8.0,1,1,1,38.0
311,0,4.0,5.0,0,0,1,22.0
312,0,8.0,3.0,0,0,1,20.0
313,1,4.0,6.0,0,0,1,23.0
314,0,3.0,4.0,0,0,0,48.0
315,0,6.0,5.0,0,0,0,72.0
316,0,8.0,3.0,0,1,1,48.0
317,0,8.0,8.0,0,1,0,26.0
318,0,5.0,7.0,0,0,0,26.0
319,1,8.0,8.0,0,1,1,58.0
320,1,7.0,8.0,1,1,0,49.0
321,0,4.0,5.0,1,0,1,35.0
322,1,8.0,4.0,1,1,1,45.0
323,1,8.0,5.0,0,0,0,50.0
324,0,7.0,4.0,0,0,1,39.0
325,0,,6.0,0,0,0,
326,1,2.0,8.0,1,0,0,38.0
327,0,3.0,5.0,0,0,1,42.0
328,0,2.0,2.0,0,1,1,60.0
329,1,8.0,6.0,0,1,0,65.0
330,0,,3.0,1,1,1,60.0
331,1,9.0,6.0,0,0,1,24.0
332,0,9.0,3.0,1,0,1,43.0
333,1,9.0,4.0,1,1,0,52.0
334,0,3.0,4.0,0,0,1,59.0
335,0,4.0,4.0,0,0,0,56.0
336,0,6.0,3.0,0,0,1,36.0
337,0,2.0,6.0,0,0,1,60.0
338,0,3.0,1.0,0,0,1,68.0
339,0,8.0,8.0,0,0,0,70.0
340,0,6.0,4.0,0,0,1,21.0
341,0,6.0,6.0,1,0,0,41.0
342,1,4.0,4.0,1,0,1,40.0
343,0,9.0,2.0,0,0,1,24.0
344,0,9.0,5.0,0,1,1,60.0
345,0,2.0,3.0,0,0,1,51.0
346,1,9.0,8.0,1,1,1,49.0
347,1,8.0,8.0,0,0,0,56.0
348,1,1.0,6.0,0,0,1,
349,0,4.0,3.0,0,0,1,66.0
350,1,9.0,8.0,1,1,1,40.0
351,1,,5.0,1,0,0,39.0
352,1,6.0,5.0,1,0,0,48.0
353,0,,6.0,0,1,1,73.0
354,0,1.0,2.0,0,0,0,70.0
355,0,2.0,3.0,0,0,1,68.0
356,0,8.0,4.0,0,1,0,45.0
357,0,4.0,2.0,1,0,0,58.0
358,1,9.0,3.0,0,1,1,56.0
359,0,,3.0,0,1,0,21.0
360,0,9.0,3.0,0,0,1,18.0
361,1,9.0,8.0,0,1,1,67.0
362,0,3.0,3.0,0,0,1,72.0
363,0,9.0,4.0,1,1,1,37.0
364,1,7.0,6.0,0,0,0,34.0
365,0,2.0,3.0,1,0,0,35.0
366,1,2.0,3.0,1,0,0,30.0
367,0,8.0,3.0,0,0,1,18.0
368,1,6.0,6.0,0,0,0,38.0
369,0,2.0,3.0,0,0,1,62.0
370,0,3.0,6.0,0,0,0,70.0
371,0,6.0,6.0,0,1,1,33.0
372,0,3.0,5.0,0,0,1,66.0
373,1,9.0,7.0,0,1,1,54.0
374,0,6.0,5.0,0,0,1,24.0
375,0,6.0,4.0,0,1,1,62.0
376,0,6.0,3.0,1,1,1,39.0
377,0,,4.0,0,1,0,57.0
378,0,1.0,3.0,0,0,0,56.0
379,0,9.0,4.0,0,0,1,47.0
380,0,,4.0,0,1,0,62.0
381,0,9.0,8.0,0,1,0,73.0
382,0,7.0,6.0,0,1,0,67.0
383,0,3.0,3.0,0,0,0,55.0
384,1,6.0,8.0,0,0,0,56.0
385,0,9.0,8.0,1,0,1,48.0
386,1,8.0,6.0,0,1,1,69.0
387,1,9.0,8.0,1,1,0,30.0
388,0,7.0,6.0,0,1,0,64.0
389,1,4.0,6.0,0,0,0,58.0
390,0,7.0,8.0,1,1,0,71.0
391,0,3.0,3.0,0,0,0,49.0
392,1,3.0,4.0,1,0,1,44.0
393,1,7.0,4.0,1,1,1,49.0
394,0,,4.0,0,1,1,86.0
395,0,2.0,5.0,0,0,1,63.0
396,0,6.0,4.0,0,0,1,20.0
397,0,2.0,5.0,0,0,1,32.0
398,1,4.0,8.0,0,0,1,79.0
399,0,3.0,1.0,0,0,1,39.0
400,0,7.0,4.0,1,1,0,30.0
401,0,7.0,8.0,0,1,1,73.0
402,0,9.0,3.0,0,0,0,18.0
403,1,9.0,6.0,1,1,1,45.0
404,0,6.0,3.0,0,1,1,60.0
405,0,1.0,4.0,0,0,1,53.0
406,1,7.0,6.0,1,0,1,53.0
407,1,8.0,4.0,0,1,1,60.0
408,0,4.0,8.0,0,0,1,26.0
409,0,8.0,3.0,0,1,1,61.0
410,0,5.0,3.0,0,1,1,73.0
411,1,8.0,8.0,0,0,0,72.0
412,0,3.0,6.0,0,0,1,72.0
413,1,4.0,6.0,0,0,1,23.0
414,1,8.0,7.0,0,0,1,59.0
415,0,6.0,5.0,0,0,1,23.0
416,1,9.0,6.0,0,1,0,72.0
417,0,2.0,5.0,0,0,1,78.0
418,0,7.0,6.0,1,1,0,34.0
419,1,9.0,3.0,0,0,1,21.0
420,1,,3.0,0,0,0,20.0
421,0,9.0,8.0,1,1,0,46.0
422,0,6.0,6.0,1,1,0,40.0
423,1,8.0,3.0,0,1,0,23.0
424,1,8.0,8.0,0,1,1,73.0
425,0,3.0,4.0,0,0,0,79.0
426,0,6.0,4.0,0,0,1,18.0
427,0,,6.0,0,0,1,59.0
428,0,3.0,3.0,0,0,1,55.0
429,0,9.0,6.0,0,0,1,77.0
430,0,1.0,3.0,0,0,1,25.0
431,0,6.0,3.0,1,1,1,31.0
432,0,6.0,3.0,1,0,1,29.0
433,0,5.0,3.0,0,1,1,73.0
434,1,4.0,4.0,0,1,1,73.0
435,0,4.0,6.0,0,0,0,28.0
436,1,9.0,6.0,0,1,1,58.0
437,0,4.0,3.0,0,0,1,21.0
438,1,9.0,8.0,0,1,1,68.0
439,0,8.0,5.0,1,0,1,35.0
440,1,7.0,6.0,0,1,1,75.0
441,1,4.0,8.0,0,1,0,45.0
442,0,4.0,3.0,0,1,0,40.0
443,1,4.0,5.0,1,0,0,47.0
444,0,,4.0,0,1,0,69.0
445,0,2.0,2.0,0,0,1,59.0
446,1,8.0,5.0,1,1,1,61.0
447,0,,3.0,0,0,1,19.0
448,1,7.0,6.0,0,1,1,60.0
449,0,4.0,8.0,0,1,0,62.0
450,0,6.0,8.0,0,0,0,41.0
451,0,3.0,3.0,1,0,1,24.0
452,0,7.0,8.0,1,0,0,56.0
453,1,7.0,6.0,0,0,1,44.0
454,0,,3.0,0,0,1,45.0
455,0,6.0,3.0,1,1,1,51.0
456,0,7.0,4.0,0,1,1,42.0
457,1,8.0,4.0,1,1,1,40.0
458,0,2.0,4.0,0,0,0,64.0
459,0,1.0,8.0,0,0,1,65.0
460,1,9.0,4.0,0,0,1,20.0
461,1,7.0,8.0,1,0,1,24.0
462,0,6.0,3.0,0,1,0,84.0
463,0,,6.0,0,0,0,80.0
464,1,8.0,8.0,0,1,0,61.0
465,1,7.0,6.0,0,1,0,49.0
466,0,8.0,8.0,0,1,1,73.0
467,1,7.0,3.0,0,0,1,
468,0,8.0,8.0,0,1,1,71.0
469,0,4.0,3.0,0,0,0,20.0
470,0,1.0,3.0,0,0,1,62.0
471,1,9.0,8.0,0,1,1,53.0
472,0,8.0,3.0,0,1,1,62.0
473,1,6.0,6.0,0,0,1,23.0
474,0,,6.0,0,1,0,
475,1,,8.0,0,0,1,
476,0,6.0,6.0,0,1,0,46.0
477,1,5.0,8.0,1,1,1,57.0
478,0,,,0,0,1,
479,0,2.0,6.0,0,0,1,48.0
480,0,6.0,3.0,0,0,1,34.0
481,1,6.0,7.0,0,1,0,58.0
482,0,5.0,6.0,1,1,1,30.0
483,1,2.0,8.0,1,0,1,34.0
484,1,7.0,8.0,1,1,1,40.0
485,0,7.0,4.0,0,1,1,36.0
486,1,,8.0,0,1,1,63.0
487,0,3.0,4.0,1,1,1,42.0
488,0,,4.0,0,0,1,65.0
489,1,,7.0,0,1,1,68.0
490,0,6.0,3.0,0,0,1,18.0
491,1,,6.0,0,1,1,42.0
492,0,6.0,3.0,0,0,1,63.0
493,1,3.0,2.0,0,0,1,62.0
494,1,9.0,8.0,0,1,0,61.0
495,1,3.0,5.0,0,1,1,61.0
496,1,9.0,7.0,0,1,0,59.0
497,0,6.0,3.0,1,0,0,35.0
498,0,1.0,4.0,0,0,0,69.0
499,1,7.0,4.0,1,1,1,51.0
500,0,9.0,8.0,1,1,1,46.0
501,0,4.0,3.0,1,1,1,51.0
502,0,3.0,8.0,1,1,1,79.0
503,0,6.0,5.0,0,0,0,64.0
504,0,,5.0,0,1,1,55.0
505,0,4.0,3.0,0,0,1,73.0
506,1,8.0,6.0,0,1,0,50.0
507,0,8.0,4.0,0,0,1,82.0
508,0,6.0,5.0,0,0,0,45.0
509,0,3.0,3.0,0,1,0,61.0
510,0,4.0,3.0,0,0,0,22.0
511,0,,4.0,1,1,0,40.0
512,0,,3.0,0,1,1,75.0
513,0,1.0,3.0,0,0,1,70.0
514,1,4.0,6.0,1,0,1,44.0
515,0,6.0,8.0,0,0,1,25.0
516,0,,4.0,0,1,1,68.0
517,0,8.0,8.0,0,1,0,23.0
518,1,7.0,4.0,1,1,1,30.0
519,1,7.0,6.0,0,0,1,33.0
520,1,7.0,8.0,1,1,1,46.0
521,0,5.0,3.0,1,1,1,46.0
522,1,6.0,5.0,0,1,1,31.0
523,1,,5.0,1,1,0,43.0
524,0,,,1,1,1,43.0
525,0,7.0,6.0,0,1,1,27.0
526,1,9.0,8.0,0,1,1,72.0
527,0,,,0,1,1,
528,0,2.0,4.0,1,0,0,23.0
529,1,7.0,5.0,0,0,1,47.0
530,1,6.0,8.0,1,1,1,37.0
531,0,6.0,5.0,0,0,0,85.0
532,1,9.0,8.0,0,1,1,70.0
533,0,8.0,8.0,0,1,1,49.0
534,1,3.0,5.0,0,1,1,72.0
535,0,8.0,8.0,0,1,1,70.0
536,1,7.0,8.0,0,1,1,66.0
537,0,,3.0,0,0,1,
538,0,5.0,3.0,1,1,1,30.0
539,0,1.0,2.0,0,1,0,36.0
540,0,,7.0,0,1,1,66.0
541,0,7.0,4.0,0,1,1,64.0
542,1,6.0,8.0,0,0,1,50.0
543,1,7.0,8.0,0,1,0,33.0
544,1,5.0,6.0,0,0,0,42.0
545,0,,3.0,0,1,0,
546,0,4.0,4.0,1,0,0,37.0
547,1,9.0,8.0,1,1,0,57.0
548,0,8.0,6.0,0,1,0,56.0
549,0,5.0,7.0,0,0,1,28.0
550,1,,8.0,0,0,1,24.0
551,1,9.0,6.0,0,1,1,32.0
552,0,8.0,8.0,1,1,0,43.0
553,0,2.0,2.0,0,0,0,38.0
554,0,6.0,6.0,1,1,1,38.0
555,0,9.0,6.0,1,1,1,40.0
556,0,9.0,6.0,0,0,1,54.0
557,1,3.0,3.0,0,0,0,36.0
558,1,7.0,8.0,0,1,1,67.0
559,0,5.0,2.0,0,0,0,18.0
560,0,,6.0,1,1,0,53.0
561,1,8.0,6.0,0,0,1,61.0
562,0,5.0,6.0,0,1,1,78.0
563,0,2.0,3.0,1,1,1,63.0
564,1,5.0,8.0,0,0,1,58.0
565,1,8.0,5.0,0,1,0,58.0
566,1,7.0,8.0,1,1,0,65.0
567,1,,8.0,1,1,1,46.0
568,0,7.0,3.0,0,0,1,19.0
569,0,,,0,0,1,
570,1,9.0,6.0,0,1,1,68.0
571,1,6.0,5.0,0,0,1,36.0
572,0,9.0,3.0,0,0,1,19.0
573,1,,3.0,0,1,1,57.0
574,0,6.0,8.0,1,0,0,44.0
575,1,5.0,5.0,0,0,0,67.0
576,1,9.0,8.0,1,1,0,53.0
577,0,1.0,8.0,0,1,1,74.0
578,0,8.0,4.0,0,1,1,66.0
579,0,9.0,5.0,0,0,0,78.0
580,0,9.0,4.0,0,1,1,63.0
581,0,9.0,6.0,0,1,1,71.0
582,0,1.0,4.0,0,0,0,47.0
583,0,6.0,3.0,0,1,0,61.0
584,0,,3.0,0,0,1,52.0
585,0,7.0,6.0,0,1,0,52.0
586,0,1.0,5.0,0,0,1,37.0
587,1,7.0,6.0,0,0,1,45.0
588,0,6.0,6.0,0,0,1,31.0
589,0,5.0,6.0,0,0,1,30.0
590,1,6.0,8.0,0,0,1,28.0
591,0,,4.0,1,1,0,34.0
592,0,,2.0,0,0,0,69.0
593,0,3.0,3.0,0,0,1,46.0
594,1,4.0,4.0,1,1,1,32.0
595,0,2.0,4.0,0,0,1,26.0
596,0,8.0,6.0,1,1,0,55.0
597,1,9.0,8.0,1,1,0,33.0
598,0,9.0,6.0,0,1,0,81.0
599,0,,8.0,0,0,1,61.0
600,0,6.0,3.0,1,1,1,40.0
601,0,4.0,3.0,0,1,1,39.0
602,0,2.0,4.0,0,0,1,73.0
603,0,,3.0,0,0,1,21.0
604,0,1.0,3.0,0,0,1,39.0
605,1,,4.0,0,0,0,60.0
606,0,6.0,5.0,0,1,1,62.0
607,0,2.0,6.0,0,0,1,32.0
608,0,,4.0,0,0,0,71.0
609,0,8.0,6.0,1,1,1,47.0
610,0,3.0,4.0,0,0,0,60.0
611,1,4.0,5.0,1,1,1,36.0
612,1,7.0,8.0,1,1,1,42.0
613,1,8.0,6.0,0,1,0,59.0
614,0,1.0,2.0,0,0,0,32.0
615,0,1.0,3.0,0,0,1,33.0
616,0,3.0,4.0,0,0,0,72.0
617,0,9.0,3.0,0,0,1,30.0
618,0,6.0,3.0,1,0,1,69.0
619,1,9.0,6.0,1,1,1,36.0
620,1,8.0,6.0,0,0,1,24.0
621,1,9.0,8.0,0,1,1,59.0
622,0,2.0,4.0,0,0,0,66.0
623,0,2.0,5.0,0,0,0,27.0
624,1,4.0,4.0,0,0,1,22.0
625,1,2.0,8.0,0,0,0,57.0
626,0,,3.0,0,0,1,50.0
627,0,8.0,8.0,1,1,1,60.0
628,1,9.0,6.0,0,1,1,58.0
629,1,8.0,6.0,0,0,0,61.0
630,1,4.0,4.0,0,1,1,23.0
631,0,,5.0,0,1,0,48.0
632,0,,3.0,1,0,1,
633,1,9.0,5.0,1,1,1,61.0
634,0,1.0,2.0,1,1,0,28.0
635,0,9.0,8.0,0,1,1,59.0
636,0,4.0,6.0,0,1,1,84.0
637,1,6.0,5.0,0,0,0,32.0
638,1,8.0,5.0,1,1,1,41.0
639,0,9.0,8.0,0,0,1,63.0
640,0,,3.0,0,0,1,48.0
641,0,4.0,2.0,0,0,0,18.0
642,0,1.0,3.0,0,0,1,60.0
643,0,5.0,3.0,0,0,1,
644,0,4.0,6.0,0,0,1,30.0
645,0,7.0,3.0,0,1,1,73.0
646,0,8.0,4.0,0,0,1,19.0
647,0,6.0,6.0,0,1,0,25.0
648,1,9.0,6.0,0,0,1,26.0
649,0,7.0,8.0,0,1,0,59.0
650,0,6.0,3.0,0,0,1,36.0
651,0,,4.0,1,1,0,36.0
652,0,,5.0,1,1,1,37.0
653,0,4.0,5.0,0,1,1,81.0
654,0,9.0,6.0,0,1,0,52.0
655,0,5.0,6.0,0,1,0,38.0
656,1,8.0,6.0,0,1,0,37.0
657,1,8.0,8.0,0,0,1,38.0
658,0,4.0,6.0,0,0,0,63.0
659,0,,6.0,0,1,1,75.0
660,0,1.0,3.0,1,0,0,32.0
661,1,9.0,4.0,0,1,1,61.0
662,0,,4.0,0,1,0,
663,1,,4.0,0,0,1,21.0
664,0,9.0,8.0,0,0,1,81.0
665,0,2.0,3.0,0,0,0,22.0
666,1,9.0,7.0,1,1,0,39.0
667,0,,,0,0,1,
668,0,6.0,3.0,1,0,0,46.0
669,1,6.0,8.0,0,1,1,54.0
670,0,7.0,6.0,0,0,0,66.0
671,1,6.0,3.0,0,0,0,62.0
672,0,,5.0,0,1,1,70.0
673,0,5.0,5.0,0,1,1,65.0
674,0,8.0,5.0,0,1,1,48.0
675,1,9.0,6.0,0,1,0,55.0
676,0,9.0,6.0,1,1,0,49.0
677,0,8.0,6.0,0,1,1,53.0
678,1,9.0,6.0,0,1,1,62.0
679,1,,6.0,1,0,0,30.0
680,0,7.0,8.0,1,1,0,42.0
681,0,6.0,3.0,0,1,1,54.0
682,0,5.0,6.0,0,1,1,60.0
683,0,7.0,3.0,1,1,1,32.0
684,0,6.0,6.0,1,1,1,48.0
685,0,7.0,6.0,0,1,0,31.0
686,1,9.0,6.0,0,0,1,37.0
687,1,9.0,6.0,1,1,1,64.0
688,0,8.0,3.0,1,0,0,32.0
689,1,6.0,6.0,1,1,1,34.0
690,1,9.0,8.0,1,1,0,46.0
691,0,1.0,3.0,0,0,1,63.0
692,0,7.0,6.0,0,0,0,37.0
693,1,6.0,3.0,0,1,1,54.0
694,1,5.0,6.0,0,0,0,40.0
695,1,8.0,6.0,1,0,1,60.0
696,0,,8.0,0,1,0,63.0
697,1,5.0,3.0,1,1,0,46.0
698,1,9.0,4.0,1,1,1,50.0
699,0,6.0,6.0,0,0,1,51.0
700,1,3.0,4.0,0,0,1,68.0
701,0,,6.0,0,1,1,59.0
702,0,,8.0,0,1,0,70.0
703,0,9.0,6.0,0,0,1,70.0
704,1,,6.0,0,1,1,
705,0,,3.0,0,0,0,62.0
706,1,5.0,6.0,1,0,0,53.0
707,0,7.0,4.0,0,1,1,56.0
708,0,1.0,8.0,0,0,0,32.0
709,0,2.0,6.0,0,0,0,56.0
710,0,2.0,3.0,1,0,0,84.0
711,1,,3.0,0,0,0,68.0
712,1,7.0,6.0,0,0,0,24.0
713,0,1.0,3.0,1,0,1,32.0
714,0,2.0,1.0,0,1,1,85.0
715,0,7.0,4.0,0,0,1,48.0
716,0,3.0,3.0,0,0,0,88.0
717,1,5.0,6.0,0,0,0,24.0
718,1,2.0,6.0,0,0,1,43.0
719,0,,6.0,0,0,0,
720,1,3.0,4.0,0,0,1,26.0
721,1,,8.0,0,1,1,53.0
722,1,3.0,4.0,0,0,1,47.0
723,0,8.0,6.0,0,0,0,42.0
724,1,7.0,6.0,1,1,0,31.0
725,1,9.0,8.0,0,1,1,65.0
726,0,,3.0,0,0,1,19.0
727,1,7.0,8.0,1,0,0,52.0
728,0,,3.0,0,0,1,18.0
729,0,9.0,5.0,0,1,0,58.0
730,0,3.0,5.0,0,0,1,36.0
731,0,5.0,4.0,0,1,0,73.0
732,0,7.0,6.0,0,1,1,66.0
733,1,8.0,6.0,1,1,0,47.0
734,1,7.0,7.0,1,1,1,30.0
735,0,,3.0,0,0,1,50.0
736,0,7.0,4.0,1,1,0,30.0
737,1,,8.0,1,0,0,30.0
738,0,1.0,3.0,0,1,1,52.0
739,0,6.0,6.0,0,0,1,67.0
740,1,9.0,6.0,0,0,1,50.0
741,0,8.0,3.0,0,0,1,18.0
742,1,4.0,6.0,0,0,0,75.0
743,0,4.0,3.0,0,0,0,68.0
744,0,3.0,3.0,0,0,1,70.0
745,0,5.0,8.0,0,0,0,27.0
746,0,7.0,8.0,0,1,1,73.0
747,1,8.0,6.0,0,1,1,50.0
748,1,5.0,6.0,0,0,1,28.0
749,0,6.0,8.0,0,1,1,42.0
750,0,5.0,3.0,0,1,1,72.0
751,1,9.0,8.0,1,1,1,60.0
752,0,6.0,4.0,0,0,1,24.0
753,1,9.0,8.0,0,1,1,69.0
754,1,7.0,4.0,0,1,0,53.0
755,1,9.0,8.0,1,1,1,35.0
756,0,2.0,3.0,0,0,0,28.0
757,0,3.0,4.0,0,0,0,75.0
758,0,5.0,3.0,0,0,0,75.0
759,1,6.0,4.0,0,0,0,22.0
760,1,8.0,8.0,1,1,0,46.0
761,0,4.0,6.0,0,0,1,34.0
762,1,8.0,6.0,0,1,1,44.0
763,1,3.0,6.0,0,0,1,
764,1,9.0,8.0,1,1,1,49.0
765,0,9.0,6.0,0,0,1,42.0
766,0,7.0,4.0,1,1,1,34.0
767,1,9.0,6.0,0,1,1,30.0
768,1,,6.0,0,1,1,69.0
769,0,8.0,6.0,0,1,0,49.0
770,0,2.0,4.0,0,0,0,56.0
771,1,9.0,6.0,0,0,1,28.0
772,1,9.0,8.0,0,0,0,57.0
773,0,6.0,3.0,0,0,1,60.0
774,1,8.0,8.0,1,1,1,38.0
775,0,1.0,1.0,1,1,1,35.0
776,0,4.0,3.0,1,0,0,33.0
777,1,1.0,7.0,0,1,1,62.0
778,0,3.0,6.0,1,0,0,67.0
779,0,4.0,6.0,1,1,0,43.0
780,0,3.0,5.0,0,1,1,65.0
781,0,7.0,6.0,0,1,0,24.0
782,0,3.0,4.0,0,0,0,78.0
783,0,6.0,5.0,0,0,1,75.0
784,0,,3.0,0,0,1,18.0
785,0,3.0,3.0,0,0,1,20.0
786,0,,3.0,1,1,1,42.0
787,1,,8.0,0,1,1,65.0
788,0,6.0,4.0,0,0,1,21.0
789,1,8.0,8.0,0,1,1,56.0
790,0,6.0,6.0,0,0,1,71.0
791,1,7.0,5.0,0,1,1,40.0
792,1,1.0,8.0,0,0,1,30.0
793,1,7.0,8.0,1,0,1,35.0
794,1,9.0,6.0,0,1,1,45.0
795,0,7.0,3.0,0,1,1,73.0
796,1,7.0,4.0,0,0,0,28.0
797,0,,1.0,0,0,1,68.0
798,0,,3.0,0,0,1,20.0
799,1,8.0,4.0,0,0,1,39.0
800,0,6.0,3.0,0,1,0,48.0
801,0,6.0,4.0,1,0,1,33.0
802,0,6.0,3.0,0,1,1,56.0
803,0,9.0,8.0,0,1,0,54.0
804,0,3.0,3.0,1,0,0,30.0
805,0,8.0,6.0,0,0,1,24.0
806,0,9.0,8.0,1,1,1,38.0
807,0,4.0,5.0,1,1,0,40.0
808,1,9.0,8.0,0,0,1,64.0
809,1,6.0,8.0,0,0,0,
810,0,4.0,5.0,0,0,0,79.0
811,0,2.0,3.0,1,0,0,24.0
812,1,7.0,8.0,0,1,0,65.0
813,0,9.0,3.0,0,1,1,63.0
814,0,9.0,3.0,1,1,0,21.0
815,1,7.0,8.0,0,0,1,68.0
816,0,2.0,4.0,0,0,1,81.0
817,0,4.0,3.0,0,0,1,20.0
818,0,9.0,8.0,1,1,1,50.0
819,1,6.0,6.0,0,0,0,23.0
820,0,1.0,1.0,0,0,1,22.0
821,0,6.0,8.0,0,0,1,37.0
822,0,3.0,3.0,0,0,1,73.0
823,0,,3.0,0,1,1,81.0
824,0,6.0,3.0,0,0,0,22.0
825,0,7.0,3.0,1,1,1,35.0
826,1,,3.0,0,0,1,19.0
827,0,,7.0,0,0,1,59.0
828,0,6.0,6.0,0,0,1,34.0
829,1,4.0,4.0,0,0,1,22.0
830,1,9.0,8.0,1,1,1,40.0
831,1,6.0,6.0,0,0,0,51.0
832,0,1.0,4.0,0,0,0,60.0
833,1,8.0,4.0,1,0,1,41.0
834,0,1.0,4.0,0,0,1,24.0
835,0,4.0,3.0,1,0,0,58.0
836,0,7.0,6.0,0,1,1,65.0
837,0,8.0,8.0,1,1,0,47.0
838,1,9.0,6.0,1,1,1,48.0
839,0,6.0,6.0,1,1,0,44.0
840,1,9.0,8.0,1,1,0,50.0
841,1,7.0,7.0,0,0,1,25.0
842,0,2.0,2.0,1,0,0,82.0
843,1,3.0,5.0,0,0,1,26.0
844,0,8.0,8.0,0,0,1,77.0
845,0,3.0,3.0,0,1,1,24.0
846,0,,6.0,0,1,0,
847,0,2.0,3.0,0,0,1,59.0
848,1,7.0,6.0,0,1,1,55.0
849,1,8.0,6.0,0,1,0,22.0
850,0,2.0,5.0,0,0,0,27.0
851,0,,6.0,0,1,0,48.0
852,1,9.0,6.0,1,1,1,44.0
853,0,4.0,4.0,0,1,1,68.0
854,0,,5.0,0,0,1,19.0
855,0,7.0,2.0,0,0,0,18.0
856,1,7.0,6.0,1,1,1,49.0
857,0,2.0,2.0,0,0,1,85.0
858,0,1.0,2.0,0,0,0,20.0
859,0,8.0,8.0,0,1,1,73.0
860,1,,6.0,0,1,0,57.0
861,0,9.0,8.0,0,1,1,60.0
862,0,2.0,6.0,0,1,0,65.0
863,0,8.0,8.0,0,1,1,31.0
864,1,,6.0,1,1,1,59.0
865,0,5.0,1.0,0,0,1,27.0
866,0,,3.0,0,0,0,19.0
867,1,6.0,8.0,1,1,0,42.0
868,0,,5.0,0,0,0,69.0
869,0,5.0,6.0,0,0,1,36.0
870,1,,4.0,0,0,1,29.0
871,0,5.0,5.0,1,0,0,40.0
872,1,8.0,8.0,0,0,0,30.0
873,0,5.0,8.0,1,1,0,51.0
874,0,1.0,3.0,0,0,0,25.0
875,0,9.0,6.0,1,1,0,40.0
876,0,1.0,3.0,0,0,1,19.0
877,0,,3.0,0,0,0,50.0
878,1,8.0,6.0,1,0,1,38.0
879,0,,5.0,0,0,1,50.0
880,1,6.0,7.0,0,0,1,27.0
881,0,8.0,3.0,1,1,1,34.0
882,0,9.0,6.0,0,0,1,30.0
883,1,4.0,5.0,1,1,1,42.0
884,0,9.0,8.0,0,1,1,84.0
885,0,2.0,4.0,0,1,0,48.0
886,0,4.0,4.0,1,0,0,40.0
887,0,6.0,6.0,1,1,1,40.0
888,0,,,0,1,1,
889,1,7.0,3.0,1,1,1,43.0
890,0,3.0,2.0,1,1,0,31.0
891,0,9.0,6.0,0,1,1,60.0
892,1,2.0,3.0,1,0,0,31.0
893,1,8.0,4.0,0,0,0,75.0
894,0,,,0,0,1,70.0
895,0,2.0,4.0,0,0,1,36.0
896,1,9.0,8.0,1,1,1,44.0
897,1,9.0,4.0,1,1,0,52.0
898,0,8.0,7.0,1,1,1,40.0
899,1,7.0,8.0,0,1,1,65.0
900,1,9.0,8.0,1,1,1,38.0
901,0,6.0,8.0,0,0,0,32.0
902,0,7.0,3.0,0,0,1,29.0
903,1,8.0,6.0,0,1,1,34.0
904,1,,8.0,1,0,1,
905,0,6.0,3.0,0,1,0,65.0
906,0,,4.0,0,0,1,62.0
907,1,8.0,8.0,0,1,1,31.0
908,0,8.0,8.0,0,1,0,64.0
909,1,,3.0,0,1,1,59.0
910,1,6.0,6.0,0,1,1,33.0
911,0,5.0,6.0,0,0,1,30.0
912,0,8.0,8.0,1,1,0,51.0
913,0,,3.0,0,1,1,69.0
914,1,9.0,6.0,0,0,0,21.0
915,0,3.0,3.0,0,1,1,65.0
916,0,4.0,4.0,0,0,0,32.0
917,0,3.0,4.0,0,0,0,18.0
918,0,6.0,3.0,0,1,0,63.0
919,0,1.0,3.0,0,0,1,62.0
920,0,3.0,6.0,0,0,1,31.0
921,0,5.0,3.0,0,0,1,90.0
922,1,8.0,6.0,0,0,1,34.0
923,0,2.0,3.0,0,0,1,19.0
924,1,6.0,6.0,0,0,0,58.0
925,0,6.0,5.0,0,0,1,60.0
926,0,4.0,1.0,1,1,0,67.0
927,1,8.0,6.0,0,1,0,33.0
928,0,3.0,5.0,1,0,0,35.0
929,1,7.0,3.0,0,1,1,51.0
930,0,3.0,4.0,0,0,0,38.0
931,0,8.0,6.0,0,0,1,60.0
932,0,6.0,5.0,1,0,0,37.0
933,0,,6.0,0,1,0,67.0
934,0,8.0,6.0,0,0,1,
935,0,8.0,8.0,0,1,0,51.0
936,0,5.0,5.0,0,0,1,63.0
937,0,4.0,4.0,0,0,1,59.0
938,0,,4.0,0,1,1,53.0
939,1,7.0,6.0,1,1,1,56.0
940,1,9.0,8.0,0,1,1,65.0
941,0,5.0,1.0,0,1,1,60.0
942,1,6.0,8.0,0,0,0,54.0
943,0,6.0,3.0,0,0,1,40.0
944,1,6.0,6.0,0,0,1,22.0
945,0,6.0,5.0,0,1,0,68.0
946,1,7.0,6.0,0,0,0,72.0
947,0,7.0,6.0,0,1,1,67.0
948,0,7.0,4.0,0,1,1,62.0
949,1,5.0,4.0,1,0,0,35.0
950,1,,8.0,0,0,0,65.0
951,0,9.0,6.0,0,1,1,63.0
952,0,2.0,4.0,1,1,0,25.0
953,0,9.0,8.0,1,1,1,45.0
954,0,1.0,3.0,0,0,1,23.0
955,0,9.0,6.0,0,0,1,57.0
956,0,8.0,5.0,0,1,0,65.0
957,0,3.0,3.0,1,1,1,47.0
958,1,6.0,6.0,0,0,1,22.0
959,0,9.0,8.0,1,1,1,48.0
960,1,7.0,8.0,0,0,1,33.0
961,0,8.0,8.0,1,1,0,34.0
962,0,4.0,6.0,0,0,0,68.0
963,0,9.0,3.0,0,1,1,32.0
964,0,3.0,6.0,0,0,0,23.0
965,0,9.0,6.0,0,1,0,54.0
966,1,8.0,8.0,0,0,1,38.0
967,1,9.0,6.0,0,1,0,69.0
968,0,6.0,6.0,1,0,1,28.0
969,0,,6.0,0,0,0,
970,0,4.0,4.0,0,1,1,24.0
971,0,,3.0,0,0,1,31.0
972,0,4.0,6.0,0,0,1,25.0
973,0,1.0,3.0,0,0,0,43.0
974,1,9.0,8.0,0,1,1,58.0
975,0,8.0,8.0,1,1,1,45.0
976,0,1.0,4.0,0,0,0,55.0
977,1,8.0,6.0,0,1,0,40.0
978,0,,4.0,0,0,1,87.0
979,1,7.0,6.0,0,0,0,49.0
980,0,1.0,2.0,0,0,1,52.0
981,1,8.0,6.0,1,1,0,46.0
982,0,3.0,8.0,0,0,0,74.0
983,0,3.0,6.0,0,0,1,32.0
984,1,1.0,6.0,0,0,1,23.0
985,0,6.0,8.0,0,1,1,62.0
986,0,,6.0,0,1,0,70.0
987,0,3.0,3.0,0,0,1,62.0
988,0,,3.0,1,0,0,75.0
989,1,8.0,7.0,1,1,1,43.0
990,1,9.0,6.0,1,1,0,52.0
991,0,7.0,6.0,0,0,0,66.0
992,1,6.0,5.0,0,0,1,31.0
993,0,9.0,8.0,1,1,1,70.0
994,0,2.0,3.0,1,0,1,23.0
995,0,8.0,3.0,0,1,1,74.0
996,1,8.0,8.0,1,1,1,35.0
997,1,,6.0,1,1,1,32.0
998,0,,5.0,0,0,1,23.0
999,0,,2.0,1,1,0,
1000,0,8.0,6.0,0,0,1,29.0
1001,0,4.0,3.0,0,0,0,50.0
1002,1,7.0,6.0,1,1,0,42.0
1003,1,7.0,6.0,0,0,1,33.0
1004,0,,3.0,1,1,1,45.0
1005,1,9.0,8.0,0,1,1,65.0
1006,0,9.0,3.0,0,0,1,19.0
1007,0,2.0,3.0,0,0,1,64.0
1008,0,6.0,5.0,0,0,1,68.0
1009,1,2.0,6.0,0,0,0,62.0
1010,0,8.0,5.0,0,1,1,32.0
1011,0,7.0,6.0,1,1,0,43.0
1012,0,8.0,7.0,1,1,0,52.0
1013,0,8.0,8.0,1,1,0,35.0
1014,0,6.0,5.0,1,1,1,31.0
1015,0,,6.0,0,0,1,27.0
1016,0,7.0,6.0,0,1,0,64.0
1017,1,,,0,0,0,55.0
1018,1,,7.0,1,1,1,39.0
1019,0,1.0,2.0,0,0,1,29.0
1020,0,,3.0,0,0,0,66.0
1021,0,4.0,4.0,1,1,0,40.0
1022,0,3.0,3.0,0,0,0,48.0
1023,0,8.0,8.0,1,1,0,40.0
1024,0,6.0,4.0,0,0,1,73.0
1025,0,,4.0,1,1,0,37.0
1026,1,9.0,4.0,0,0,0,19.0
1027,1,8.0,3.0,1,0,1,52.0
1028,1,8.0,5.0,0,0,0,64.0
1029,1,8.0,5.0,0,0,1,54.0
1030,1,8.0,8.0,0,1,0,75.0
1031,0,3.0,4.0,1,0,0,
1032,0,7.0,3.0,0,0,1,25.0
1033,0,2.0,6.0,1,1,0,33.0
1034,0,8.0,7.0,1,1,0,43.0
1035,0,6.0,4.0,0,1,1,37.0
1036,0,8.0,5.0,1,1,0,45.0
1037,0,,7.0,0,1,1,81.0
1038,0,4.0,3.0,0,1,0,70.0
1039,0,8.0,4.0,1,1,0,30.0
1040,1,4.0,3.0,1,0,1,19.0
1041,0,5.0,6.0,1,0,0,45.0
1042,0,1.0,4.0,0,0,0,18.0
1043,1,2.0,5.0,0,0,1,64.0
1044,1,7.0,3.0,0,0,1,20.0
1045,1,6.0,5.0,0,1,0,48.0
1046,1,8.0,5.0,0,1,1,59.0
1047,0,6.0,5.0,1,0,1,65.0
1048,0,6.0,6.0,0,1,1,69.0
1049,1,5.0,4.0,0,0,1,65.0
1050,1,6.0,4.0,1,0,1,36.0
1051,0,,8.0,1,0,1,49.0
1052,0,9.0,8.0,0,1,1,75.0
1053,0,4.0,4.0,0,1,0,31.0
1054,0,7.0,6.0,0,0,1,60.0
1055,1,,6.0,0,1,0,69.0
1056,0,8.0,8.0,0,0,1,59.0
1057,1,7.0,4.0,1,0,1,42.0
1058,0,7.0,5.0,1,1,1,38.0
1059,0,6.0,4.0,0,0,1,19.0
1060,0,5.0,4.0,1,0,1,38.0
1061,0,7.0,5.0,0,0,1,53.0
1062,0,2.0,4.0,0,0,0,50.0
1063,0,2.0,3.0,0,0,1,34.0
1064,0,7.0,8.0,0,1,0,75.0
1065,0,7.0,4.0,1,1,0,45.0
1066,0,5.0,6.0,1,1,1,28.0
1067,1,8.0,6.0,0,1,1,69.0
1068,0,,6.0,0,1,1,66.0
1069,1,9.0,6.0,0,1,1,61.0
1070,0,6.0,6.0,1,1,0,78.0
1071,1,7.0,5.0,0,0,1,21.0
1072,0,,5.0,1,0,0,38.0
1073,0,,6.0,1,1,0,
1074,1,7.0,3.0,1,1,1,36.0
1075,1,9.0,3.0,1,1,1,54.0
1076,1,,8.0,0,1,0,56.0
1077,0,1.0,2.0,0,0,0,47.0
1078,0,2.0,3.0,0,0,1,40.0
1079,1,7.0,5.0,1,0,0,47.0
1080,0,3.0,2.0,1,0,1,40.0
1081,1,1.0,6.0,0,0,1,23.0
1082,0,8.0,6.0,0,0,1,49.0
1083,0,4.0,2.0,0,1,0,65.0
1084,0,8.0,8.0,0,1,0,35.0
1085,1,7.0,3.0,0,1,0,50.0
1086,0,1.0,3.0,0,0,1,62.0
1087,0,,6.0,1,0,0,
1088,0,9.0,8.0,0,1,1,67.0
1089,1,7.0,6.0,0,1,0,35.0
1090,0,3.0,6.0,0,0,1,26.0
1091,1,7.0,8.0,0,0,0,24.0
1092,0,6.0,4.0,0,0,0,41.0
1093,0,9.0,8.0,0,1,0,65.0
1094,1,9.0,6.0,0,0,0,27.0
1095,0,7.0,8.0,1,1,1,40.0
1096,0,,2.0,0,0,0,18.0
1097,1,7.0,8.0,1,0,0,36.0
1098,0,1.0,3.0,0,1,1,28.0
1099,0,8.0,4.0,1,1,1,50.0
1100,0,,3.0,0,1,1,71.0
1101,1,9.0,6.0,0,1,1,67.0
1102,0,3.0,3.0,0,0,0,62.0
1103,1,7.0,6.0,0,1,0,59.0
1104,0,8.0,8.0,1,1,0,44.0
1105,1,9.0,6.0,0,0,0,64.0
1106,1,9.0,6.0,0,1,1,55.0
1107,1,5.0,6.0,1,1,1,47.0
1108,0,6.0,6.0,1,1,0,43.0
1109,0,9.0,6.0,1,0,1,47.0
1110,0,6.0,4.0,0,0,1,35.0
1111,0,3.0,5.0,0,0,1,57.0
1112,0,8.0,5.0,1,1,1,34.0
1113,0,4.0,3.0,0,0,0,74.0
1114,1,8.0,6.0,0,0,1,32.0
1115,0,7.0,8.0,0,1,0,67.0
1116,0,6.0,3.0,1,1,1,48.0
1117,0,2.0,3.0,0,0,0,47.0
1118,0,6.0,3.0,1,1,1,25.0
1119,1,9.0,4.0,0,0,1,18.0
1120,0,1.0,6.0,0,0,1,29.0
1121,1,6.0,4.0,0,1,0,36.0
1122,1,8.0,6.0,1,1,1,37.0
1123,0,1.0,3.0,0,0,0,18.0
1124,0,7.0,8.0,1,1,0,37.0
1125,0,6.0,5.0,0,0,1,65.0
1126,0,6.0,2.0,0,1,1,74.0
1127,0,1.0,2.0,0,0,1,58.0
1128,0,9.0,3.0,0,0,0,20.0
1129,1,1.0,6.0,0,0,0,42.0
1130,0,4.0,4.0,0,0,0,77.0
1131,1,9.0,7.0,1,1,0,52.0
1132,0,7.0,8.0,0,1,1,75.0
1133,0,6.0,3.0,0,1,0,78.0
1134,0,3.0,8.0,1,1,0,50.0
1135,0,1.0,4.0,0,0,0,62.0
1136,1,,3.0,0,1,1,57.0
1137,0,,4.0,0,0,0,84.0
1138,1,4.0,6.0,0,0,1,25.0
1139,0,,4.0,0,0,1,89.0
1140,0,9.0,8.0,0,1,0,58.0
1141,0,5.0,4.0,1,0,0,41.0
1142,1,7.0,6.0,1,1,1,28.0
1143,0,5.0,4.0,0,0,1,81.0
1144,0,3.0,4.0,0,0,1,28.0
1145,0,9.0,3.0,1,1,1,37.0
1146,0,3.0,4.0,1,0,1,22.0
1147,0,5.0,4.0,0,0,0,62.0
1148,0,6.0,6.0,1,0,0,33.0
1149,0,6.0,6.0,0,1,1,34.0
1150,0,,6.0,0,1,1,90.0
1151,1,9.0,8.0,0,1,1,51.0
1152,1,7.0,7.0,0,0,1,25.0
1153,0,9.0,6.0,0,1,1,59.0
1154,1,7.0,5.0,0,0,0,61.0
1155,1,8.0,8.0,0,1,1,60.0
1156,1,8.0,4.0,1,1,1,55.0
1157,1,7.0,8.0,0,0,1,25.0
1158,1,9.0,3.0,0,1,1,64.0
1159,0,9.0,6.0,0,1,1,56.0
1160,0,3.0,3.0,1,1,1,45.0
1161,1,5.0,3.0,0,0,0,59.0
1162,1,8.0,4.0,0,0,1,20.0
1163,0,7.0,7.0,1,1,0,30.0
1164,0,2.0,5.0,1,0,1,51.0
1165,0,2.0,3.0,0,0,0,76.0
1166,1,9.0,6.0,0,0,1,23.0
1167,0,5.0,5.0,0,1,1,58.0
1168,0,,5.0,0,1,0,55.0
1169,1,9.0,6.0,0,0,1,28.0
1170,0,7.0,5.0,0,1,1,51.0
1171,0,9.0,3.0,0,0,1,20.0
1172,0,3.0,6.0,0,0,1,33.0
1173,0,8.0,2.0,0,1,1,53.0
1174,0,8.0,8.0,0,0,0,60.0
1175,1,7.0,6.0,0,0,1,34.0
1176,1,4.0,6.0,0,0,0,41.0
1177,0,6.0,3.0,0,0,0,59.0
1178,0,4.0,4.0,0,0,0,77.0
1179,1,9.0,6.0,1,1,0,40.0
1180,1,7.0,4.0,1,1,1,36.0
1181,0,2.0,6.0,0,0,0,61.0
1182,0,1.0,2.0,0,0,1,60.0
1183,0,4.0,6.0,1,0,0,39.0
1184,1,8.0,6.0,1,1,0,46.0
1185,0,6.0,6.0,1,1,1,37.0
1186,0,5.0,3.0,0,1,1,73.0
1187,0,9.0,6.0,0,1,1,70.0
1188,0,3.0,4.0,0,0,0,22.0
1189,0,4.0,3.0,1,0,0,59.0
1190,0,,,0,0,0,
1191,0,7.0,6.0,0,0,0,59.0
1192,0,8.0,3.0,0,1,1,66.0
1193,0,4.0,4.0,0,0,1,41.0
1194,1,4.0,5.0,1,0,0,50.0
1195,1,9.0,4.0,0,1,0,56.0
1196,1,9.0,8.0,0,1,1,56.0
1197,1,4.0,6.0,0,0,0,24.0
1198,1,7.0,6.0,1,1,0,46.0
1199,0,6.0,6.0,1,1,0,35.0
1200,1,,6.0,0,1,1,28.0
1201,0,2.0,5.0,0,0,0,82.0
1202,0,2.0,5.0,1,0,0,28.0
1203,0,9.0,5.0,0,1,0,68.0
1204,1,9.0,6.0,0,1,1,56.0
1205,0,4.0,6.0,1,1,0,40.0
1206,1,8.0,3.0,0,1,1,63.0
1207,1,9.0,6.0,1,1,0,37.0
1208,0,,3.0,0,1,0,
1209,1,,6.0,0,0,1,58.0
1210,0,,3.0,0,0,1,34.0
1211,0,9.0,8.0,0,1,0,54.0
1212,0,2.0,4.0,1,0,0,42.0
1213,0,3.0,4.0,0,0,1,25.0
1214,0,6.0,8.0,0,0,1,74.0
1215,0,4.0,5.0,0,1,1,44.0
1216,0,7.0,3.0,0,1,1,74.0
1217,0,8.0,6.0,0,0,1,23.0
1218,0,8.0,8.0,0,1,1,56.0
1219,1,7.0,6.0,0,1,1,53.0
1220,0,4.0,6.0,0,0,0,78.0
1221,0,9.0,5.0,0,1,0,67.0
1222,0,5.0,3.0,1,0,1,27.0
1223,0,7.0,5.0,1,1,0,39.0
1224,1,7.0,3.0,0,0,1,20.0
1225,0,7.0,4.0,0,0,1,48.0
1226,0,,3.0,0,0,0,58.0
1227,0,7.0,6.0,0,1,1,62.0
1228,1,9.0,6.0,0,0,1,23.0
1229,1,5.0,8.0,0,0,1,72.0
1230,0,3.0,3.0,1,0,0,32.0
1231,0,5.0,6.0,0,1,0,60.0
1232,1,8.0,8.0,1,1,0,49.0
1233,1,9.0,6.0,0,0,1,38.0
1234,0,3.0,3.0,0,0,1,21.0
1235,0,4.0,3.0,1,1,1,47.0
1236,0,7.0,4.0,0,1,0,62.0
1237,1,6.0,7.0,0,0,0,62.0
1238,0,2.0,4.0,1,1,0,30.0
1239,0,6.0,6.0,0,0,1,43.0
1240,0,6.0,3.0,0,1,1,60.0
1241,1,9.0,8.0,1,1,1,54.0
1242,1,8.0,8.0,1,1,0,30.0
1243,1,6.0,8.0,0,0,1,25.0
1244,0,6.0,3.0,0,0,0,76.0
1245,0,4.0,6.0,0,0,0,28.0
1246,0,9.0,3.0,0,1,0,71.0
1247,1,8.0,8.0,0,0,1,68.0
1248,1,8.0,8.0,1,1,1,51.0
1249,1,9.0,8.0,1,1,1,52.0
1250,1,3.0,4.0,0,0,1,26.0
1251,1,8.0,6.0,0,1,1,76.0
1252,1,2.0,5.0,0,0,1,25.0
1253,0,9.0,7.0,0,1,0,32.0
1254,0,9.0,8.0,0,1,1,80.0
1255,0,5.0,6.0,0,0,1,31.0
1256,0,8.0,6.0,0,1,1,46.0
1257,1,8.0,6.0,0,0,1,61.0
1258,0,2.0,4.0,0,0,0,22.0
1259,0,,4.0,0,0,0,50.0
1260,1,8.0,6.0,1,1,0,47.0
1261,0,8.0,4.0,1,1,1,40.0
1262,1,,6.0,1,0,1,51.0
1263,0,7.0,4.0,1,1,1,34.0
1264,0,8.0,5.0,1,0,0,42.0
1265,1,8.0,8.0,0,0,1,55.0
1266,1,8.0,5.0,1,0,1,27.0
1267,1,9.0,5.0,0,1,0,54.0
1268,0,5.0,5.0,1,1,1,55.0
1269,0,3.0,4.0,0,0,1,25.0
1270,1,4.0,3.0,0,0,1,27.0
1271,0,9.0,8.0,0,0,0,48.0
1272,0,3.0,1.0,0,0,1,83.0
1273,1,9.0,6.0,1,1,1,33.0
1274,0,2.0,3.0,0,0,0,39.0
1275,0,8.0,3.0,1,1,1,43.0
1276,1,8.0,3.0,0,1,1,45.0
1277,0,3.0,4.0,0,0,1,22.0
1278,1,5.0,8.0,0,0,0,26.0
1279,1,,,0,0,0,
1280,0,6.0,5.0,0,1,0,69.0
1281,0,6.0,8.0,0,0,1,77.0
1282,0,2.0,4.0,0,0,1,80.0
1283,0,8.0,6.0,0,1,0,60.0
1284,0,,,0,0,0,
1285,0,2.0,3.0,0,0,1,58.0
1286,0,4.0,3.0,0,1,1,60.0
1287,0,2.0,3.0,0,0,1,60.0
1288,0,9.0,8.0,0,1,1,75.0
1289,1,3.0,4.0,0,0,1,41.0
1290,0,8.0,5.0,0,1,1,63.0
1291,1,7.0,6.0,0,1,0,47.0
1292,1,7.0,5.0,1,1,1,52.0
1293,0,7.0,5.0,0,0,0,65.0
1294,1,7.0,4.0,0,1,1,64.0
1295,0,9.0,8.0,0,1,0,55.0
1296,0,,3.0,0,0,1,29.0
1297,0,7.0,7.0,0,1,1,
1298,0,5.0,5.0,1,1,0,44.0
1299,0,2.0,4.0,1,0,0,41.0
1300,0,9.0,5.0,0,1,1,69.0
1301,1,8.0,6.0,0,0,1,68.0
1302,0,2.0,2.0,0,0,1,22.0
1303,0,6.0,8.0,0,1,0,76.0
1304,1,1.0,4.0,1,0,0,27.0
1305,0,9.0,3.0,0,0,1,18.0
1306,0,7.0,4.0,0,1,0,53.0
1307,1,9.0,6.0,1,1,1,42.0
1308,0,,5.0,0,1,0,65.0
1309,1,7.0,8.0,0,0,0,61.0
1310,0,7.0,5.0,0,0,0,65.0
1311,0,1.0,8.0,0,0,0,28.0
1312,1,8.0,8.0,1,0,0,44.0
1313,1,,6.0,0,0,1,35.0
1314,0,,6.0,0,0,0,93.0
1315,0,6.0,4.0,0,1,1,92.0
1316,1,5.0,5.0,0,1,0,45.0
1317,0,6.0,6.0,0,0,0,31.0
1318,0,7.0,4.0,1,0,1,36.0
1319,0,8.0,4.0,0,0,1,25.0
1320,0,2.0,3.0,0,0,0,65.0
1321,0,4.0,2.0,0,1,1,66.0
1322,1,,8.0,0,1,1,49.0
1323,0,8.0,3.0,0,1,1,66.0
1324,0,5.0,4.0,0,1,0,50.0
1325,0,,3.0,0,0,1,25.0
1326,0,6.0,3.0,0,0,1,19.0
1327,1,8.0,6.0,1,1,1,39.0
1328,0,9.0,6.0,0,1,1,67.0
1329,0,,,0,1,1,30.0
1330,0,5.0,5.0,0,1,0,67.0
1331,1,4.0,3.0,0,0,1,20.0
1332,1,4.0,6.0,0,0,1,24.0
1333,1,7.0,6.0,0,0,1,26.0
1334,0,8.0,8.0,0,0,1,62.0
1335,0,,4.0,0,1,0,55.0
1336,1,,4.0,0,1,1,71.0
1337,1,8.0,6.0,1,1,0,
1338,1,6.0,8.0,1,1,1,48.0
1339,0,5.0,8.0,0,1,0,70.0
1340,1,,6.0,0,1,1,72.0
1341,0,7.0,5.0,1,1,1,39.0
1342,1,9.0,6.0,1,1,1,
1343,0,6.0,6.0,0,0,0,69.0
1344,0,4.0,4.0,0,0,1,25.0
1345,1,9.0,6.0,1,1,1,36.0
1346,1,9.0,8.0,0,0,0,31.0
1347,1,5.0,3.0,0,0,1,39.0
1348,0,,8.0,0,1,0,51.0
1349,1,2.0,6.0,0,0,1,25.0
1350,1,9.0,8.0,0,1,1,34.0
1351,1,7.0,6.0,0,1,0,62.0
1352,1,8.0,6.0,0,1,1,28.0
1353,0,6.0,5.0,1,1,1,30.0
1354,1,8.0,8.0,0,1,1,77.0
1355,1,9.0,4.0,0,1,1,59.0
1356,0,6.0,8.0,0,0,1,75.0
1357,1,9.0,6.0,0,1,1,62.0
1358,0,2.0,2.0,0,1,1,65.0
1359,1,8.0,6.0,0,0,1,56.0
1360,1,2.0,6.0,0,0,1,22.0
1361,0,,,0,0,1,62.0
1362,1,7.0,4.0,0,0,0,55.0
1363,0,3.0,3.0,0,0,1,68.0
1364,0,4.0,5.0,0,1,1,60.0
1365,1,,6.0,0,1,0,49.0
1366,0,,,0,0,1,40.0
1367,1,7.0,6.0,0,0,1,25.0
1368,0,2.0,2.0,1,0,1,39.0
1369,0,5.0,3.0,0,0,1,31.0
1370,0,2.0,3.0,0,0,0,57.0
1371,0,,6.0,0,1,0,53.0
1372,1,8.0,8.0,0,1,1,77.0
1373,1,4.0,3.0,0,0,1,52.0
1374,0,6.0,4.0,0,0,0,52.0
1375,1,7.0,6.0,0,0,0,43.0
1376,0,2.0,5.0,0,0,0,62.0
1377,0,9.0,8.0,0,1,0,70.0
1378,0,1.0,5.0,0,0,1,64.0
1379,0,6.0,8.0,0,1,1,81.0
1380,1,9.0,6.0,0,1,1,63.0
1381,0,5.0,8.0,0,0,1,66.0
1382,0,4.0,3.0,0,0,1,56.0
1383,0,8.0,3.0,0,0,1,18.0
1384,1,8.0,6.0,0,1,1,32.0
1385,1,,5.0,0,1,1,
1386,0,7.0,6.0,0,1,1,64.0
1387,0,4.0,4.0,0,0,0,92.0
1388,0,1.0,3.0,0,0,0,18.0
1389,0,6.0,6.0,0,1,0,62.0
1390,0,3.0,4.0,0,0,0,20.0
1391,0,,3.0,0,0,0,26.0
1392,0,,3.0,0,0,1,20.0
1393,0,2.0,3.0,0,0,1,50.0
1394,1,9.0,4.0,1,0,1,44.0
1395,1,,8.0,0,1,1,65.0
1396,1,8.0,6.0,0,1,1,79.0
1397,0,7.0,3.0,1,0,1,22.0
1398,0,8.0,3.0,0,0,1,26.0
1399,1,7.0,7.0,0,0,0,35.0
1400,0,2.0,3.0,0,0,1,66.0
1401,0,1.0,3.0,0,0,0,18.0
1402,0,5.0,4.0,0,0,1,60.0
1403,0,,6.0,0,1,0,65.0
1404,0,4.0,8.0,0,0,1,69.0
1405,1,9.0,4.0,0,0,1,22.0
1406,1,9.0,7.0,1,1,1,40.0
1407,0,4.0,6.0,0,0,0,32.0
1408,1,4.0,4.0,1,1,1,52.0
1409,0,7.0,6.0,0,0,1,25.0
1410,0,,4.0,0,1,0,
1411,1,6.0,4.0,0,0,1,28.0
1412,0,7.0,4.0,0,1,1,68.0
1413,0,4.0,5.0,0,1,0,63.0
1414,0,1.0,3.0,0,0,0,22.0
1415,1,3.0,5.0,1,1,0,35.0
1416,0,6.0,3.0,1,1,0,38.0
1417,0,,,0,0,0,
1418,0,7.0,4.0,0,0,1,25.0
1419,1,9.0,5.0,1,1,1,37.0
1420,0,1.0,3.0,0,1,1,50.0
1421,1,,6.0,0,0,0,
1422,0,6.0,8.0,1,1,1,45.0
1423,1,,6.0,0,0,1,58.0
1424,1,,4.0,0,1,0,56.0
1425,0,7.0,4.0,1,1,1,39.0
1426,0,,5.0,1,0,0,42.0
1427,0,7.0,6.0,1,1,0,40.0
1428,0,1.0,6.0,0,0,0,70.0
1429,0,7.0,3.0,0,1,0,47.0
1430,0,7.0,3.0,0,1,0,66.0
1431,1,6.0,6.0,1,1,0,34.0
1432,1,4.0,7.0,0,0,0,75.0
1433,0,3.0,6.0,0,0,1,27.0
1434,0,3.0,8.0,0,0,0,34.0
1435,0,3.0,2.0,1,1,0,48.0
1436,0,3.0,5.0,0,0,0,
1437,0,4.0,5.0,0,0,0,37.0
1438,0,2.0,4.0,0,0,0,59.0
1439,0,8.0,3.0,1,1,0,46.0
1440,0,,,0,0,1,19.0
1441,1,9.0,8.0,0,1,1,63.0
1442,0,1.0,3.0,1,0,1,40.0
1443,0,2.0,3.0,1,1,0,53.0
1444,0,6.0,3.0,0,0,1,78.0
1445,0,3.0,3.0,0,0,0,62.0
1446,1,7.0,5.0,0,1,0,59.0
1447,1,,6.0,0,0,1,
1448,0,4.0,4.0,0,0,0,69.0
1449,1,8.0,6.0,1,1,1,34.0
1450,0,8.0,8.0,1,0,1,44.0
1451,0,1.0,3.0,0,0,1,28.0
1452,0,6.0,3.0,0,1,1,73.0
1453,0,6.0,1.0,1,1,1,51.0
1454,0,,3.0,0,0,1,18.0
1455,0,3.0,3.0,0,0,1,22.0
1456,0,6.0,4.0,0,0,1,20.0
1457,0,2.0,4.0,0,0,1,23.0
1458,0,2.0,1.0,1,0,0,39.0
1459,0,8.0,6.0,0,0,1,56.0
1460,0,2.0,3.0,1,1,0,40.0
1461,1,9.0,4.0,0,1,1,35.0
1462,0,3.0,4.0,1,0,0,36.0
1463,0,9.0,6.0,0,1,0,70.0
1464,0,2.0,1.0,0,0,1,66.0
1465,0,3.0,1.0,0,1,1,52.0
1466,0,,4.0,0,0,1,19.0
1467,0,6.0,8.0,0,0,0,64.0
1468,0,4.0,6.0,1,1,0,37.0
1469,1,7.0,5.0,1,1,1,58.0
1470,0,3.0,4.0,1,0,0,28.0
1471,1,8.0,6.0,0,1,0,57.0
1472,1,8.0,8.0,0,1,0,39.0
1473,0,6.0,8.0,0,0,0,74.0
1474,1,8.0,6.0,0,0,1,24.0
1475,0,6.0,3.0,0,1,1,65.0
1476,0,4.0,2.0,1,1,1,40.0
1477,0,8.0,3.0,0,1,1,36.0
1478,1,8.0,6.0,0,0,0,23.0
1479,1,8.0,6.0,0,1,1,27.0
1480,0,7.0,6.0,1,1,1,38.0
1481,0,7.0,3.0,0,0,1,18.0
1482,0,6.0,3.0,1,1,1,45.0
1483,0,3.0,5.0,0,1,1,48.0
1484,0,2.0,1.0,1,0,1,55.0
1485,1,,8.0,0,1,0,62.0
1486,0,6.0,6.0,0,0,1,55.0
1487,1,3.0,3.0,1,0,0,27.0
1488,0,3.0,3.0,1,0,0,45.0
1489,1,1.0,6.0,0,0,0,26.0
1490,0,7.0,8.0,1,1,1,52.0
1491,0,,3.0,0,1,1,63.0
1492,0,1.0,1.0,1,0,0,60.0
1493,1,9.0,7.0,0,1,1,35.0
1494,0,3.0,2.0,0,0,0,53.0
1495,0,9.0,3.0,0,0,1,19.0
1496,0,3.0,5.0,0,0,0,65.0
1497,0,6.0,4.0,1,1,1,41.0
1498,1,2.0,5.0,0,0,1,46.0
1499,0,7.0,3.0,0,0,1,18.0
1500,0,4.0,3.0,0,0,0,23.0
1501,0,4.0,3.0,1,1,1,50.0
